Timestamp,how would you describe your political beliefs on a scale from 1 to 7 where 1 is most liberal and 7 is most conservative?,what news sources do you typically read from?,Local Election Systems Across America Are Weak and Vulnerable,The New Attack on Hispanic Voting Rights,The Republican leading the probe of Hunter Biden has his own shell company and complicated friends,"New critical race theory laws have teachers scared, confused and self-censoring",California Elementary School Students Are Learning To Love The Black Panthers,"Florida 'proudly' teaches African American history, official says, as he defends rejecting AP course"
12/16/2023 19:41:32,3,Associated Press,5,4,3,3,3,4
12/16/2023 19:44:02,2,"New York Times, Washington Post, Associated Press",4,2,5,6,2,3
12/16/2023 19:44:35,1,"New York Times, None of the above",6,6,5,6,6,5
12/16/2023 19:44:45,2,"New York Times, Reuters",2,6,2,1,6,5
12/16/2023 19:45:57,1,"New York Times, Washington Post",2,2,5,4,4,2
12/16/2023 19:46:06,2,"New York Times, Associated Press, Reuters",3,6,6,2,2,5
12/16/2023 19:51:41,3,"New York Times, Washington Post",2,4,4,3,2,2
12/16/2023 19:52:03,2,"New York Times, Reuters",2,5,4,2,2,4
12/16/2023 20:23:10,2,"New York Times, Reuters",4,4,4,2,4,4
12/16/2023 20:54:41,2,"New York Times, Daily Wire",3,5,4,6,4,2
12/16/2023 20:56:59,2,None of the above,5,6,6,6,5,4
12/16/2023 21:02:59,2,None of the above,3,4,5,2,2,3
12/16/2023 21:56:24,4,None of the above,4,4,4,4,4,4
12/17/2023 13:19:11,2,"New York Times, Washington Post, Associated Press, Reuters",3,6,4,3,4,4
12/17/2023 21:47:02,4,None of the above,5,5,5,3,5,3
12/17/2023 21:48:44,5,New York Times,2,4,5,3,3,5